{
    "rmse": 15.573089972331324,
    "mae": 6.062935733604664,
    "interval": 0.09254054263031865,
    "coverage": 0.0,
    "quantiles_score": -7.787091144741625
}