{
    "rmse": 5.34859529240971,
    "mae": 3.2479304268183267,
    "interval": 0.0928045392382329,
    "coverage": 0.0,
    "quantiles_score": -7.789909438982607
}